text,label
this movie was warm funny and genuinely uplifting,positive
the story was engaging and the ending felt satisfying,positive
i loved the performances and the music was beautiful,positive
the film was charming from beginning to end,positive
this was a thoughtful and inspiring watch,positive
the direction was sharp and the cast was excellent,positive
i enjoyed every minute of this delightful movie,positive
the script was clever and full of heart,positive
this review is positive because the film was fantastic,positive
the characters felt real and easy to care about,positive
the pacing was smooth and the emotional scenes worked,positive
it was funny touching and very well acted,positive
the movie looked gorgeous and sounded amazing,positive
i would happily recommend this film to friends,positive
the acting was strong and the plot kept me interested,positive
this was a refreshing and memorable experience,positive
the dialogue felt natural and often very moving,positive
the movie delivered exactly what it promised,positive
the story was simple but beautifully told,positive
every major scene added something meaningful,positive
this film surprised me in the best possible way,positive
the cast had great chemistry and it showed,positive
the movie was emotionally rich and visually polished,positive
i liked how confident and focused the storytelling felt,positive
the ending was earned and deeply satisfying,positive
this was entertaining smart and easy to enjoy,positive
the suspense worked and the payoff was worth it,positive
the film was stylish energetic and fun,positive
the message was clear without feeling forced,positive
i was impressed by how consistent the quality stayed,positive
the movie was touching and full of warmth,positive
the scenes were memorable and the writing was strong,positive
the lead performance carried the film beautifully,positive
this was a polished and rewarding watch,positive
the visuals were striking and the tone was perfect,positive
the film handled serious themes with care and grace,positive
i came away feeling happy and satisfied,positive
the movie had heart humor and confidence,positive
it was a strong film with a lot of personality,positive
the final act was exciting and emotionally satisfying,positive
this movie was dull messy and hard to sit through,negative
the plot made little sense and the acting was weak,negative
i was bored for most of the film,negative
the movie felt lazy and poorly written,negative
this was a disappointing and forgettable experience,negative
the pacing was painfully slow and uneven,negative
the dialogue sounded awkward and unnatural,negative
the film had a good idea but wasted it badly,negative
this review is negative because the film was terrible,negative
the characters were flat and impossible to care about,negative
the ending was rushed and unsatisfying,negative
i regret spending time on this movie,negative
the story was confusing and full of weak scenes,negative
the performances were stiff and unconvincing,negative
the movie looked cheap and sounded worse,negative
it tried to be emotional but felt empty,negative
the jokes did not land and the drama felt forced,negative
this was frustrating noisy and badly directed,negative
the script was bland and full of clichés,negative
the film dragged on without any momentum,negative
i expected much better than this dull result,negative
the movie was repetitive and lacked energy,negative
nothing in the story felt fresh or exciting,negative
the lead performance could not save the weak writing,negative
the film was messy from start to finish,negative
the emotional moments felt fake and manipulative,negative
the conflict was weak and the resolution was worse,negative
this was an underwhelming and badly paced movie,negative
the visuals were muddy and the editing was rough,negative
i never felt invested in the characters or plot,negative
the movie was loud but not interesting,negative
the final act collapsed into nonsense,negative
this was a flat and lifeless viewing experience,negative
the whole film felt like a missed opportunity,negative
the soundtrack was distracting and the tone was off,negative
the film aimed high but failed badly,negative
there was very little charm humor or tension here,negative
the movie was predictable and emotionally hollow,negative
the writing was weak and the direction felt careless,negative
i would not recommend this disappointing film,negative
